Acc X,Acc Y,Acc Z,gyro_x,gyro_y,gyro_z
0.4002112695312703,1.1143817705631531,0.9110162306973435,-0.31342994111396416,0.3925589984899778,0.03934224191565072
0.9223204654921875,1.1882738997704796,-0.5459895750844084,-0.38994807547232324,-0.2720648374580583,-0.07289221137374369
1.9080885955349585,2.1643834995380606,-2.958287216812856,0.021494605155131463,-0.16517799370244202,-0.5557843790585395
-2.2808077959979034,-0.9743089715782323,2.657458223475115,-0.35359413595848954,0.037581243486732197,0.4060379177903557
-0.0818222385724236,0.28306924963257635,0.27746837696526677,-0.04964354083492717,-0.0005502988215229099,-0.03982433803664607
-0.12909570337351942,-0.2778678315872803,0.0657386003879381,0.0005358046457722976,-0.08970424975000213,-0.04427070715267772
