Acc X,Acc Y,Acc Z,gyro_x,gyro_y,gyro_z
-0.08492056287343644,-0.23047856428492217,0.21786205552535615,0.024659625365511584,-0.033820395029470166,-0.08728832994279528
-0.11341060697060268,-0.10489000678395177,0.13776370700283846,0.02751149427104263,0.0774425485152653,-0.005557014967610144
-0.228243452437019,0.12794687233379698,0.15647102917013844,0.01225543951389925,0.0541934359909122,-0.0012408807271218486
0.13639697629196412,-0.434753889848702,-2.8474852395354286,-0.7842171460133911,-0.9371416286265315,0.2728208225275608
-1.11386411354204,0.051424146988216624,2.445398843556558,-0.5014155417022501,-0.17923415392874054,0.5111022770860973
-1.6272110070502652,-2.538120541027242,-1.2614912825173918,-0.6775574254919912,0.8593953046851461,0.6162407591288339
