Acc X,Acc Y,Acc Z,gyro_x,gyro_y,gyro_z
-0.3763796434579125,1.3521429192297485,0.6959818254342154,0.0986584841970366,-0.3439813595575635,-0.34400547966379735
-1.3257491634954017,1.0985284373248057,0.3033450352296265,0.2080725777960455,-0.47941550570419755,0.4699098521619943
0.997327922401265,-0.8629826679651715,-0.9545250983786981,-0.3165954901465662,-0.19575775704046228,0.02475643163223784
-0.2041649440736526,-0.6263125794058743,0.3355586841671383,-0.36050613934795817,-0.20785535146478185,-0.1336381567063083
-0.13179004734889221,0.8555278841790406,-0.9009786535249208,0.014234438413611605,0.09241456886204247,-0.4535495872800023
0.06452691114086301,-0.19768552578762508,-0.26096904420883227,0.08977710745066667,0.09312640661491187,0.06167946962329224
