Acc X,Acc Y,Acc Z,gyro_x,gyro_y,gyro_z
-0.5861586924798879,-1.2069836579808484,0.5526990795364708,-0.0598475062603987,-0.3779617651552212,-0.004823089888729815
-1.3968344366543448,1.2279612062363463,-0.7236600551999492,0.16252228435398197,-0.18828892391058905,0.020068021177810813
0.14013083802983894,-0.9454366334234189,1.4087538832936755,0.27513282336111455,0.4394989415641891,0.3948273504276488
0.29369993643325554,1.2656227050693505,-1.2345224938442416,-0.3040171375808548,-0.45477271108946193,-0.17466966923673566
-0.3339681309315541,-0.6859529046783123,0.986212527455788,-0.14324667330641072,-0.21906549031261924,0.042696083158248466
-2.154454650151424,1.813181884524238,-2.552696137921375,0.9737738732010346,0.5444895385933148,-0.6025686369316552
-2.9668672972583856,1.8927685707290047,1.2411440630857022,0.4580143360819746,0.5425406933718915,-0.8519106965318193
